action_pair,difference_band,power_context,outcome_code,phase_winner,counter_dmg_A,counter_dmg_B,effect_A,effect_B,base_weight,narrative_pool_tag,is_fatal
ATK_ATK,DEFAULT,DEFAULT,ATK_ATK_DEFAULT_INTERCAMBIO_BRUSCO,NONE,1.0,1.0,NULL,NULL,0.6,ATK_ATK_INTERCAMBIO_BRUSCO,0
ATK_ATK,DEFAULT,DEFAULT,ATK_ATK_DEFAULT_VENTAJA_LEVE_A,A,0.5,1.0,NULL,NULL,0.25,ATK_ATK_VENTAJA_LEVE_A,0
ATK_ATK,DEFAULT,DEFAULT,ATK_ATK_DEFAULT_VENTAJA_LEVE_B,B,1.0,0.5,NULL,NULL,0.15,ATK_ATK_VENTAJA_LEVE_B,0
ATK_ATK,BAJA,BOTH_HIGH,ATK_ATK_BAJA_BH_CHOQUE_EPICO,NONE,0.5,0.5,NULL,NULL,0.6,ATK_ATK_CHOQUE_EPICO,0
ATK_ATK,BAJA,BOTH_HIGH,ATK_ATK_BAJA_BH_CORTE_SIMULTANEO,NONE,1.0,1.0,NULL,NULL,0.25,ATK_ATK_CORTE_SIMULTANEO,0
ATK_ATK,BAJA,BOTH_HIGH,ATK_ATK_BAJA_BH_CRUCE_CON_DESNIVEL_A,A,0.5,1.0,NULL,NULL,0.15,ATK_ATK_CRUCE_CON_DESNIVEL_A,0
ATK_ATK,BAJA,BOTH_LOW,ATK_ATK_BAJA_BL_GOLPE_DESPROLIJO,NONE,0.5,0.5,NULL,NULL,0.35,ATK_ATK_GOLPE_DESPROLIJO,0
ATK_ATK,BAJA,BOTH_LOW,ATK_ATK_BAJA_BL_TORPEZA_MUTUA,NONE,0.0,0.0,NULL,NULL,0.5,ATK_ATK_TORPEZA_MUTUA,0
ATK_ATK,BAJA,BOTH_LOW,ATK_ATK_BAJA_BL_TROPIEZO_A,B,0.5,0.0,CAIDO,NULL,0.15,ATK_ATK_TROPIEZO_A,0
ATK_ATK,BAJA,MIXED_EXTREME,ATK_ATK_BAJA_MX_CRUCE_IMPROBABLE_A,A,0.5,1.0,NULL,NULL,0.45,ATK_ATK_CRUCE_IMPROBABLE_A,0
ATK_ATK,BAJA,MIXED_EXTREME,ATK_ATK_BAJA_MX_PASO_EN_FALSO_B,A,0.0,1.5,NULL,POS_DESFAVORABLE,0.2,ATK_ATK_PASO_EN_FALSO_B,0
ATK_ATK,BAJA,MIXED_EXTREME,ATK_ATK_BAJA_MX_ROCE_MILIMETRICO,NONE,0.5,0.5,NULL,NULL,0.35,ATK_ATK_ROCE_MILIMETRICO,0
ATK_ATK,MODERADA,BALANCED,ATK_ATK_MOD_BAL_CORTE_DOBLE,NONE,1.0,1.0,NULL,NULL,0.3,ATK_ATK_CORTE_DOBLE,0
ATK_ATK,MODERADA,BALANCED,ATK_ATK_MOD_BAL_EMBESTIDA_A,A,0.0,1.5,NULL,POS_DESFAVORABLE,0.15,ATK_ATK_EMBESTIDA_A,0
ATK_ATK,MODERADA,BALANCED,ATK_ATK_MOD_BAL_INTERCAMBIO_CON_VENTAJA_A,A,0.5,1.0,NULL,NULL,0.55,ATK_ATK_INTERCAMBIO_CON_VENTAJA_A,0
ATK_ATK,REGULAR,BALANCED,ATK_ATK_REG_BAL_VENTAJA_SOSTENIDA_A,A,0.5,1.5,NULL,POS_DESFAVORABLE,0.55,ATK_ATK_VENTAJA_SOSTENIDA_A,0
ATK_ATK,REGULAR,BALANCED,ATK_ATK_REG_BAL_VENTAJA_SOSTENIDA_B,B,1.5,0.5,POS_DESFAVORABLE,NULL,0.45,ATK_ATK_VENTAJA_SOSTENIDA_B,0
ATK_ATK,REGULAR,BOTH_HIGH,ATK_ATK_REG_BH_QUIEBRE_DE_RITMO_A,A,0.5,2.0,NULL,NULL,0.5,ATK_ATK_QUIEBRE_DE_RITMO_A,0
ATK_ATK,REGULAR,BOTH_HIGH,ATK_ATK_REG_BH_QUIEBRE_DE_RITMO_B,B,2.0,0.5,NULL,NULL,0.5,ATK_ATK_QUIEBRE_DE_RITMO_B,0
ATK_ATK,ALTA,BALANCED,ATK_ATK_ALTA_BAL_DERRIBO_A,A,0.0,1.5,NULL,CAIDO,0.35,ATK_ATK_DERRIBO_A,0
ATK_ATK,ALTA,BALANCED,ATK_ATK_ALTA_BAL_DESARME_A,A,0.0,1.0,NULL,DESARMADO,0.15,ATK_ATK_DESARME_A,0
ATK_ATK,ALTA,BALANCED,ATK_ATK_ALTA_BAL_DOMINIO_CLARO_A,A,0.0,2.0,NULL,NULL,0.5,ATK_ATK_DOMINIO_CLARO_A,0
ATK_ATK,ALTA,BOTH_HIGH,ATK_ATK_ALTA_BH_ESTOCADA_DE_VENTANA_A,A,0.5,2.0,NULL,CAIDO,0.5,ATK_ATK_ESTOCADA_DE_VENTANA_A,0
ATK_ATK,ALTA,BOTH_HIGH,ATK_ATK_ALTA_BH_ESTOCADA_DE_VENTANA_B,B,2.0,0.5,CAIDO,NULL,0.5,ATK_ATK_ESTOCADA_DE_VENTANA_B,0
ATK_ATK,ALTA,BOTH_LOW,ATK_ATK_ALTA_BL_CHOQUE_DESPROLIJO_A,A,0.5,1.5,NULL,POS_DESFAVORABLE,0.5,ATK_ATK_CHOQUE_DESPROLIJO_A,0
ATK_ATK,ALTA,BOTH_LOW,ATK_ATK_ALTA_BL_CHOQUE_DESPROLIJO_B,B,1.5,0.5,POS_DESFAVORABLE,NULL,0.5,ATK_ATK_CHOQUE_DESPROLIJO_B,0
ATK_ATK,MUY_ALTA,BALANCED,ATK_ATK_MALT_BAL_DERRIBO_POR_PRESION_A,A,0.5,2.5,NULL,CAIDO,0.52,ATK_ATK_DERRIBO_POR_PRESION_A,0
ATK_ATK,MUY_ALTA,BALANCED,ATK_ATK_MALT_BAL_DERRIBO_POR_PRESION_B,B,2.5,0.5,CAIDO,NULL,0.48,ATK_ATK_DERRIBO_POR_PRESION_B,0
ATK_ATK,MUY_ALTA,BOTH_HIGH,ATK_ATK_MALT_BH_CORTE_DE_LINEA_A,A,1.0,2.5,NULL,DESARMADO,0.5,ATK_ATK_CORTE_DE_LINEA_A,0
ATK_ATK,MUY_ALTA,BOTH_HIGH,ATK_ATK_MALT_BH_CORTE_DE_LINEA_B,B,2.5,1.0,DESARMADO,NULL,0.5,ATK_ATK_CORTE_DE_LINEA_B,0
ATK_ATK,MAXIMA,BALANCED,ATK_ATK_MAX_BAL_REMATE_INCOMPLETO_A,A,1.0,3.0,NULL,CAIDO,0.5,ATK_ATK_REMATE_INCOMPLETO_A,0
ATK_ATK,MAXIMA,BALANCED,ATK_ATK_MAX_BAL_REMATE_INCOMPLETO_B,B,3.0,1.0,CAIDO,NULL,0.5,ATK_ATK_REMATE_INCOMPLETO_B,0
ATK_ATK,MAXIMA,MIXED_EXTREME,ATK_ATK_MAX_MX_APLASTA_GUARDIA_A,A,0.0,4.0,NULL,ARMA_ROTA,0.42,ATK_ATK_APLASTA_GUARDIA_A,0
ATK_ATK,MAXIMA,MIXED_EXTREME,ATK_ATK_MAX_MX_APLASTA_GUARDIA_B,B,4.0,0.0,ARMA_ROTA,NULL,0.42,ATK_ATK_APLASTA_GUARDIA_B,0
ATK_ATK,MAXIMA,MIXED_EXTREME,ATK_ATK_MAX_MX_FATAL_ESTOCADA_A,A,0.0,15.0,NULL,NULL,0.03,FATAL_ESTOCADA,1
ATK_ATK,MAXIMA,MIXED_EXTREME,ATK_ATK_MAX_MX_FATAL_ESTOCADA_B,B,15.0,0.0,NULL,NULL,0.03,FATAL_ESTOCADA,1
ATK_ATK,EXTREMA,MIXED_EXTREME,ATK_ATK_EXT_MX_ARMA_PARTIDA_B,A,0.0,2.5,NULL,ARMA_ROTA,0.25,ATK_ATK_ARMA_PARTIDA_B,0
ATK_ATK,EXTREMA,MIXED_EXTREME,ATK_ATK_EXT_MX_DOMINIO_ABSOLUTO_A,A,0.0,3.0,NULL,CAIDO,0.6,ATK_ATK_DOMINIO_ABSOLUTO_A,0
ATK_ATK,EXTREMA,MIXED_EXTREME,ATK_ATK_EXT_MX_FATAL_ESTOCADA_A,A,0.0,15.0,NULL,NULL,0.02,FATAL_ESTOCADA,1
ATK_ATK,EXTREMA,MIXED_EXTREME,ATK_ATK_EXT_MX_FATAL_REMATE_A,A,0.0,15.0,NULL,NULL,0.03,FATAL_REMATE,1
ATK_DEF,DEFAULT,DEFAULT,ATK_DEF_DEFAULT_BLOQUEO_TENSO,B,0.0,0.5,NULL,NULL,0.45,ATK_DEF_BLOQUEO_TENSO,0
ATK_DEF,DEFAULT,DEFAULT,ATK_DEF_DEFAULT_CONTRA_CORTA,B,0.5,0.0,POS_DESFAVORABLE,CONTRA_EXITOSO,0.15,ATK_DEF_CONTRA_CORTA,0
ATK_DEF,DEFAULT,DEFAULT,ATK_DEF_DEFAULT_IMPACTO_CONTROLADO,A,0.0,1.0,NULL,NULL,0.4,ATK_DEF_IMPACTO_CONTROLADO,0
ATK_DEF,BAJA,BALANCED,ATK_DEF_BAJA_BAL_ATAQUE_FILTRA,A,0.0,1.0,NULL,NULL,0.2,ATK_DEF_ATAQUE_FILTRA,0
ATK_DEF,BAJA,BALANCED,ATK_DEF_BAJA_BAL_BLOQUEO_PARCIAL,B,0.0,0.5,NULL,NULL,0.5,ATK_DEF_BLOQUEO_PARCIAL,0
ATK_DEF,BAJA,BALANCED,ATK_DEF_BAJA_BAL_CONTRA_PARCIAL,B,0.5,0.0,POS_DESFAVORABLE,CONTRA_EXITOSO,0.3,ATK_DEF_CONTRA_PARCIAL,0
ATK_DEF,BAJA,BOTH_HIGH,ATK_DEF_BAJA_BH_CONTRA_CORTA_PRECISA,B,0.5,0.0,NULL,CONTRA_EXITOSO,0.48,ATK_DEF_CONTRA_CORTA_PRECISA,0
ATK_DEF,BAJA,BOTH_HIGH,ATK_DEF_BAJA_BH_IMPACTO_AJUSTADO,A,0.0,0.5,NULL,NULL,0.52,ATK_DEF_IMPACTO_AJUSTADO,0
ATK_DEF,BAJA,BOTH_LOW,ATK_DEF_BAJA_BL_BLOQUEO_DESPROLIJO,B,0.0,0.5,NULL,NULL,0.4,ATK_DEF_BLOQUEO_DESPROLIJO,0
ATK_DEF,BAJA,BOTH_LOW,ATK_DEF_BAJA_BL_CONTRA_TORPE,B,0.5,0.0,NULL,CONTRA_EXITOSO,0.2,ATK_DEF_CONTRA_TORPE,0
ATK_DEF,BAJA,BOTH_LOW,ATK_DEF_BAJA_BL_GUARDIA_INSEGURA,A,0.0,0.5,NULL,POS_DESFAVORABLE,0.4,ATK_DEF_GUARDIA_INSEGURA,0
ATK_DEF,MODERADA,BALANCED,ATK_DEF_MOD_BAL_BLOQUEO_FIRME,B,0.5,0.0,NULL,CONTRA_EXITOSO,0.35,ATK_DEF_BLOQUEO_FIRME,0
ATK_DEF,MODERADA,BALANCED,ATK_DEF_MOD_BAL_GUARDIA_DESPLAZADA,A,0.0,1.0,NULL,POS_DESFAVORABLE,0.2,ATK_DEF_GUARDIA_DESPLAZADA,0
ATK_DEF,MODERADA,BALANCED,ATK_DEF_MOD_BAL_IMPACTO_SOSTENIDO,A,0.0,1.5,NULL,NULL,0.45,ATK_DEF_IMPACTO_SOSTENIDO,0
ATK_DEF,REGULAR,BALANCED,ATK_DEF_REG_BAL_BRECHA_CONTROLADA,A,0.0,1.5,NULL,POS_DESFAVORABLE,0.55,ATK_DEF_BRECHA_CONTROLADA,0
ATK_DEF,REGULAR,BALANCED,ATK_DEF_REG_BAL_CONTRA_DE_RESPUESTA,B,1.0,0.0,POS_DESFAVORABLE,CONTRA_EXITOSO,0.45,ATK_DEF_CONTRA_DE_RESPUESTA,0
ATK_DEF,REGULAR,BOTH_HIGH,ATK_DEF_REG_BH_GUARDIA_SUPERADA,A,0.0,1.5,NULL,NULL,0.52,ATK_DEF_GUARDIA_SUPERADA,0
ATK_DEF,REGULAR,BOTH_HIGH,ATK_DEF_REG_BH_PARADA_PRECISA,B,1.0,0.0,NULL,CONTRA_EXITOSO,0.48,ATK_DEF_PARADA_PRECISA,0
ATK_DEF,ALTA,BALANCED,ATK_DEF_ALTA_BAL_ATAQUE_ROMPE_POSTURA,A,0.0,2.0,NULL,POS_DESFAVORABLE,0.45,ATK_DEF_ATAQUE_ROMPE_POSTURA,0
ATK_DEF,ALTA,BALANCED,ATK_DEF_ALTA_BAL_CONTRA_DURO,B,1.5,0.0,POS_DESFAVORABLE,CONTRA_EXITOSO,0.2,ATK_DEF_CONTRA_DURO,0
ATK_DEF,ALTA,BALANCED,ATK_DEF_ALTA_BAL_DERRIBO_DEL_DEFENSOR,A,0.0,1.5,NULL,CAIDO,0.35,ATK_DEF_DERRIBO_DEL_DEFENSOR,0
ATK_DEF,ALTA,BOTH_HIGH,ATK_DEF_ALTA_BH_BLOQUEO_BRILLANTE,B,0.5,0.0,NULL,POS_FAVORABLE,0.2,ATK_DEF_BLOQUEO_BRILLANTE,0
ATK_DEF,ALTA,BOTH_HIGH,ATK_DEF_ALTA_BH_CONTRA_EPICO,B,1.5,0.0,POS_DESFAVORABLE,CONTRA_EXITOSO,0.35,ATK_DEF_CONTRA_EPICO,0
ATK_DEF,ALTA,BOTH_HIGH,ATK_DEF_ALTA_BH_GUARDIA_ROTA,A,0.0,2.0,NULL,CAIDO,0.45,ATK_DEF_GUARDIA_ROTA,0
ATK_DEF,MUY_ALTA,BALANCED,ATK_DEF_MALT_BAL_CONTRA_DE_PURATECNICA,B,1.5,0.0,CAIDO,CONTRA_EXITOSO,0.4,ATK_DEF_CONTRA_DE_PURATECNICA,0
ATK_DEF,MUY_ALTA,BALANCED,ATK_DEF_MALT_BAL_QUIEBRA_DEFENSA,A,0.0,2.5,NULL,CAIDO,0.6,ATK_DEF_QUIEBRA_DEFENSA,0
ATK_DEF,MUY_ALTA,BOTH_HIGH,ATK_DEF_MALT_BH_CONTRA_DE_MAESTRIA,B,2.0,0.0,CAIDO,CONTRA_EXITOSO,0.42,ATK_DEF_CONTRA_DE_MAESTRIA,0
ATK_DEF,MUY_ALTA,BOTH_HIGH,ATK_DEF_MALT_BH_GUARDIA_REVENTADA,A,0.0,2.5,NULL,DESARMADO,0.58,ATK_DEF_GUARDIA_REVENTADA,0
ATK_DEF,MAXIMA,BALANCED,ATK_DEF_MAX_BAL_CONTRA_DESESPERADA,B,2.5,0.0,CAIDO,CONTRA_EXITOSO,0.38,ATK_DEF_CONTRA_DESESPERADA,0
ATK_DEF,MAXIMA,BALANCED,ATK_DEF_MAX_BAL_REMATE_INCOMPLETO,A,0.0,3.0,NULL,CAIDO,0.62,ATK_DEF_REMATE_INCOMPLETO,0
ATK_DEF,MAXIMA,MIXED_EXTREME,ATK_DEF_MAX_MX_APLASTA_GUARDIA,A,0.0,4.0,NULL,ARMA_ROTA,0.65,ATK_DEF_APLASTA_GUARDIA,0
ATK_DEF,MAXIMA,MIXED_EXTREME,ATK_DEF_MAX_MX_CONTRA_IMPOSIBLE,B,3.0,0.0,CAIDO,CONTRA_EXITOSO,0.2,ATK_DEF_CONTRA_IMPOSIBLE,0
ATK_DEF,MAXIMA,MIXED_EXTREME,ATK_DEF_MAX_MX_FATAL_ESTOCADA,A,0.0,15.0,NULL,NULL,0.03,FATAL_ESTOCADA,1
ATK_DEF,EXTREMA,MIXED_EXTREME,ATK_DEF_EXT_MX_CONTRA_MILAGROSO,B,2.0,0.0,CAIDO,CONTRA_EXITOSO,0.08,ATK_DEF_CONTRA_MILAGROSO,0
ATK_DEF,EXTREMA,MIXED_EXTREME,ATK_DEF_EXT_MX_DEFENSOR_COLAPSADO,A,0.0,3.0,NULL,CAIDO,0.55,ATK_DEF_DEFENSOR_COLAPSADO,0
ATK_DEF,EXTREMA,MIXED_EXTREME,ATK_DEF_EXT_MX_DESARME_TOTAL,A,0.0,2.0,NULL,DESARMADO,0.2,ATK_DEF_DESARME_TOTAL,0
ATK_DEF,EXTREMA,MIXED_EXTREME,ATK_DEF_EXT_MX_FATAL_ESTOCADA,A,0.0,15.0,NULL,NULL,0.03,FATAL_ESTOCADA,1
ATK_DEF,EXTREMA,MIXED_EXTREME,ATK_DEF_EXT_MX_FATAL_HACHAZO,A,0.0,15.0,NULL,NULL,0.02,FATAL_HACHAZO,1
ATK_INT,DEFAULT,DEFAULT,ATK_INT_DEFAULT_GOLPEA_MANIOBRA,A,0.0,1.0,NULL,NULL,0.5,ATK_INT_GOLPEA_MANIOBRA,0
ATK_INT,DEFAULT,DEFAULT,ATK_INT_DEFAULT_INT_ESQUIVA_ACTIVA,B,0.5,0.0,NULL,POS_FAVORABLE,0.3,ATK_INT_INT_ESQUIVA_ACTIVA,0
ATK_INT,DEFAULT,DEFAULT,ATK_INT_DEFAULT_ROCE_MUTUO,NONE,0.0,0.5,NULL,NULL,0.2,ATK_INT_ROCE_MUTUO,0
ATK_INT,BAJA,BALANCED,ATK_INT_BAJA_BAL_ATAQUE_ROZA,A,0.0,0.5,NULL,NULL,0.35,ATK_INT_ATAQUE_ROZA,0
ATK_INT,BAJA,BALANCED,ATK_INT_BAJA_BAL_CRUCE_TENSO,NONE,0.0,0.0,NULL,NULL,0.2,ATK_INT_CRUCE_TENSO,0
ATK_INT,BAJA,BALANCED,ATK_INT_BAJA_BAL_INT_PARCIAL,B,0.5,0.0,NULL,POS_FAVORABLE,0.45,ATK_INT_INT_PARCIAL,0
ATK_INT,REGULAR,BALANCED,ATK_INT_REG_BAL_CORTA_MANIOBRA,A,0.0,1.5,NULL,POS_DESFAVORABLE,0.58,ATK_INT_CORTA_MANIOBRA,0
ATK_INT,REGULAR,BALANCED,ATK_INT_REG_BAL_ESQUIVA_Y_ABRE_ESPACIO,B,0.5,0.0,POS_DESFAVORABLE,POS_FAVORABLE,0.42,ATK_INT_ESQUIVA_Y_ABRE_ESPACIO,0
ATK_INT,REGULAR,BOTH_HIGH,ATK_INT_REG_BH_CAMBIO_DE_PLANO,B,1.0,0.0,POS_DESFAVORABLE,POS_FAVORABLE,0.44,ATK_INT_CAMBIO_DE_PLANO,0
ATK_INT,REGULAR,BOTH_HIGH,ATK_INT_REG_BH_INTERRUPCION_LIMPIA,A,0.0,1.5,NULL,CAIDO,0.56,ATK_INT_INTERRUPCION_LIMPIA,0
ATK_INT,ALTA,BALANCED,ATK_INT_ALTA_BAL_GOLPE_SOBRE_APERTURA,A,0.0,1.5,NULL,POS_DESFAVORABLE,0.35,ATK_INT_GOLPE_SOBRE_APERTURA,0
ATK_INT,ALTA,BALANCED,ATK_INT_ALTA_BAL_INT_INTERRUMPIDA,A,0.0,2.0,NULL,CAIDO,0.5,ATK_INT_INT_INTERRUMPIDA,0
ATK_INT,ALTA,BALANCED,ATK_INT_ALTA_BAL_MANIOBRA_QUE_DESUBICA_A,B,1.0,0.0,POS_DESFAVORABLE,POS_FAVORABLE,0.15,ATK_INT_MANIOBRA_QUE_DESUBICA_A,0
ATK_INT,MUY_ALTA,BALANCED,ATK_INT_MALT_BAL_AMAGA_Y_ROMPE_RITMO,B,1.5,0.0,POS_DESFAVORABLE,VIDRIO_ROTO,0.38,ATK_INT_AMAGA_Y_ROMPE_RITMO,0
ATK_INT,MUY_ALTA,BALANCED,ATK_INT_MALT_BAL_ARRUINA_PREPARACION,A,0.0,2.5,NULL,CAIDO,0.62,ATK_INT_ARRUINA_PREPARACION,0
ATK_INT,MUY_ALTA,BOTH_HIGH,ATK_INT_MALT_BH_CASTIGO_ABIERTO,A,0.0,2.5,NULL,ARMA_ROTA,0.6,ATK_INT_CASTIGO_ABIERTO,0
ATK_INT,MUY_ALTA,BOTH_HIGH,ATK_INT_MALT_BH_TRAMPA_PRECISA,B,1.5,0.0,CAIDO,VIDRIO_ROTO,0.4,ATK_INT_TRAMPA_PRECISA,0
ATK_INT,MAXIMA,BALANCED,ATK_INT_MAX_BAL_SENTENCIA_PREPARACION,A,0.0,3.0,NULL,CAIDO,0.64,ATK_INT_SENTENCIA_PREPARACION,0
ATK_INT,MAXIMA,BALANCED,ATK_INT_MAX_BAL_TRAMPA_TOTAL,B,2.0,0.0,CAIDO,VIDRIO_ROTO,0.36,ATK_INT_TRAMPA_TOTAL,0
ATK_INT,MAXIMA,MIXED_EXTREME,ATK_INT_MAX_MX_FATAL_ENTORNO,A,0.0,15.0,NULL,NULL,0.03,FATAL_ENTORNO,1
ATK_INT,MAXIMA,MIXED_EXTREME,ATK_INT_MAX_MX_MANIOBRA_IMPOSIBLE,B,3.0,0.0,CAIDO,VIDRIO_ROTO,0.18,ATK_INT_MANIOBRA_IMPOSIBLE,0
ATK_INT,MAXIMA,MIXED_EXTREME,ATK_INT_MAX_MX_SENTENCIA_MANIOBRA,A,0.0,4.0,NULL,ARMA_ROTA,0.65,ATK_INT_SENTENCIA_MANIOBRA,0
ATK_INT,EXTREMA,MIXED_EXTREME,ATK_INT_EXT_MX_ARMA_HECHA_PEDAZOS,A,0.0,2.0,NULL,ARMA_ROTA,0.2,ATK_INT_ARMA_HECHA_PEDAZOS,0
ATK_INT,EXTREMA,MIXED_EXTREME,ATK_INT_EXT_MX_ATAQUE_AL_PRECIPICIO,A,0.0,15.0,NULL,NULL,0.02,FATAL_ENTORNO,1
ATK_INT,EXTREMA,MIXED_EXTREME,ATK_INT_EXT_MX_CASTIGO_SIN_DEFENSA,A,0.0,3.0,NULL,CAIDO,0.55,ATK_INT_CASTIGO_SIN_DEFENSA,0
ATK_INT,EXTREMA,MIXED_EXTREME,ATK_INT_EXT_MX_FATAL_REMATE,A,0.0,15.0,NULL,NULL,0.03,FATAL_REMATE,1
ATK_INT,EXTREMA,MIXED_EXTREME,ATK_INT_EXT_MX_INT_GENIAL_REVIERTE,B,2.0,0.0,CAIDO,POS_FAVORABLE,0.12,ATK_INT_INT_GENIAL_REVIERTE,0
DEF_ATK,DEFAULT,DEFAULT,DEF_ATK_DEFAULT_BLOQUEO_TENSO,A,0.5,0.0,NULL,NULL,0.45,DEF_ATK_BLOQUEO_TENSO,0
DEF_ATK,DEFAULT,DEFAULT,DEF_ATK_DEFAULT_CONTRA_CORTA,A,0.0,0.5,CONTRA_EXITOSO,POS_DESFAVORABLE,0.15,DEF_ATK_CONTRA_CORTA,0
DEF_ATK,DEFAULT,DEFAULT,DEF_ATK_DEFAULT_IMPACTO_CONTROLADO,B,1.0,0.0,NULL,NULL,0.4,DEF_ATK_IMPACTO_CONTROLADO,0
DEF_ATK,BAJA,BALANCED,DEF_ATK_BAJA_BAL_ATAQUE_FILTRA,B,1.0,0.0,NULL,NULL,0.2,DEF_ATK_ATAQUE_FILTRA,0
DEF_ATK,BAJA,BALANCED,DEF_ATK_BAJA_BAL_BLOQUEO_PARCIAL,A,0.5,0.0,NULL,NULL,0.5,DEF_ATK_BLOQUEO_PARCIAL,0
DEF_ATK,BAJA,BALANCED,DEF_ATK_BAJA_BAL_CONTRA_PARCIAL,A,0.0,0.5,CONTRA_EXITOSO,POS_DESFAVORABLE,0.3,DEF_ATK_CONTRA_PARCIAL,0
DEF_ATK,BAJA,BOTH_HIGH,DEF_ATK_BAJA_BH_PARADA_CORTA,A,0.0,0.5,CONTRA_EXITOSO,NULL,0.48,DEF_ATK_PARADA_CORTA,0
DEF_ATK,BAJA,BOTH_HIGH,DEF_ATK_BAJA_BH_ROCE_FILOSO_RECIBIDO,B,0.5,0.0,POS_DESFAVORABLE,NULL,0.52,DEF_ATK_ROCE_FILOSO_RECIBIDO,0
DEF_ATK,BAJA,BOTH_LOW,DEF_ATK_BAJA_BL_ATAQUE_SE_CUELA,B,0.5,0.0,POS_DESFAVORABLE,NULL,0.54,DEF_ATK_ATAQUE_SE_CUELA,0
DEF_ATK,BAJA,BOTH_LOW,DEF_ATK_BAJA_BL_BLOQUEO_TORPE,A,0.0,0.5,POS_FAVORABLE,POS_DESFAVORABLE,0.46,DEF_ATK_BLOQUEO_TORPE,0
DEF_ATK,MODERADA,BALANCED,DEF_ATK_MOD_BAL_BLOQUEO_FIRME,A,0.0,0.5,CONTRA_EXITOSO,NULL,0.35,DEF_ATK_BLOQUEO_FIRME,0
DEF_ATK,MODERADA,BALANCED,DEF_ATK_MOD_BAL_GUARDIA_DESPLAZADA,B,1.0,0.0,POS_DESFAVORABLE,NULL,0.2,DEF_ATK_GUARDIA_DESPLAZADA,0
DEF_ATK,MODERADA,BALANCED,DEF_ATK_MOD_BAL_IMPACTO_SOSTENIDO,B,1.5,0.0,NULL,NULL,0.45,DEF_ATK_IMPACTO_SOSTENIDO,0
DEF_ATK,REGULAR,BALANCED,DEF_ATK_REG_BAL_BLOQUEO_CON_VUELTA,A,0.0,1.0,CONTRA_EXITOSO,POS_DESFAVORABLE,0.45,DEF_ATK_BLOQUEO_CON_VUELTA,0
DEF_ATK,REGULAR,BALANCED,DEF_ATK_REG_BAL_BRECHA_CONTROLADA_RECIBIDA,B,1.5,0.0,POS_DESFAVORABLE,NULL,0.55,DEF_ATK_BRECHA_CONTROLADA_RECIBIDA,0
DEF_ATK,REGULAR,BOTH_HIGH,DEF_ATK_REG_BH_GUARDIA_SUPERADA_RECIBIDA,B,1.5,0.0,NULL,NULL,0.52,DEF_ATK_GUARDIA_SUPERADA_RECIBIDA,0
DEF_ATK,REGULAR,BOTH_HIGH,DEF_ATK_REG_BH_PARADA_PRECISA,A,0.0,1.0,CONTRA_EXITOSO,NULL,0.48,DEF_ATK_PARADA_PRECISA,0
DEF_ATK,ALTA,BOTH_HIGH,DEF_ATK_ALTA_BH_BLOQUEO_BRILLANTE,A,0.0,0.5,POS_FAVORABLE,NULL,0.2,DEF_ATK_BLOQUEO_BRILLANTE,0
DEF_ATK,ALTA,BOTH_HIGH,DEF_ATK_ALTA_BH_CONTRA_EPICO,A,0.0,1.5,CONTRA_EXITOSO,POS_DESFAVORABLE,0.35,DEF_ATK_CONTRA_EPICO,0
DEF_ATK,ALTA,BOTH_HIGH,DEF_ATK_ALTA_BH_GUARDIA_ROTA,B,2.0,0.0,CAIDO,NULL,0.45,DEF_ATK_GUARDIA_ROTA,0
DEF_ATK,MUY_ALTA,BALANCED,DEF_ATK_MALT_BAL_CONTRA_DE_PURATECNICA,A,0.0,1.5,CONTRA_EXITOSO,CAIDO,0.4,DEF_ATK_CONTRA_DE_PURATECNICA,0
DEF_ATK,MUY_ALTA,BALANCED,DEF_ATK_MALT_BAL_QUIEBRA_DEFENSA_RECIBIDA,B,2.5,0.0,CAIDO,NULL,0.6,DEF_ATK_QUIEBRA_DEFENSA_RECIBIDA,0
DEF_ATK,MUY_ALTA,BOTH_HIGH,DEF_ATK_MALT_BH_CONTRA_DE_MAESTRIA,A,0.0,2.0,CONTRA_EXITOSO,CAIDO,0.42,DEF_ATK_CONTRA_DE_MAESTRIA,0
DEF_ATK,MUY_ALTA,BOTH_HIGH,DEF_ATK_MALT_BH_GUARDIA_REVENTADA_RECIBIDA,B,2.5,0.0,DESARMADO,NULL,0.58,DEF_ATK_GUARDIA_REVENTADA_RECIBIDA,0
DEF_ATK,MAXIMA,BALANCED,DEF_ATK_MAX_BAL_CONTRA_DESESPERADA,A,0.0,2.5,CONTRA_EXITOSO,CAIDO,0.38,DEF_ATK_CONTRA_DESESPERADA,0
DEF_ATK,MAXIMA,BALANCED,DEF_ATK_MAX_BAL_REMATE_INCOMPLETO_RECIBIDO,B,3.0,0.0,CAIDO,NULL,0.62,DEF_ATK_REMATE_INCOMPLETO_RECIBIDO,0
DEF_ATK,MAXIMA,MIXED_EXTREME,DEF_ATK_MAX_MX_APLASTA_GUARDIA_RECIBIDA,B,4.0,0.0,ARMA_ROTA,NULL,0.65,DEF_ATK_APLASTA_GUARDIA_RECIBIDA,0
DEF_ATK,MAXIMA,MIXED_EXTREME,DEF_ATK_MAX_MX_CONTRA_IMPOSIBLE,A,0.0,3.0,CONTRA_EXITOSO,CAIDO,0.2,DEF_ATK_CONTRA_IMPOSIBLE,0
DEF_ATK,MAXIMA,MIXED_EXTREME,DEF_ATK_MAX_MX_FATAL_ESTOCADA_RECIBIDA,B,15.0,0.0,NULL,NULL,0.03,FATAL_ESTOCADA,1
DEF_ATK,EXTREMA,MIXED_EXTREME,DEF_ATK_EXT_MX_CONTRA_MILAGROSO,A,0.0,2.0,CONTRA_EXITOSO,CAIDO,0.08,DEF_ATK_CONTRA_MILAGROSO,0
DEF_ATK,EXTREMA,MIXED_EXTREME,DEF_ATK_EXT_MX_DEFENSOR_COLAPSADO,B,3.0,0.0,CAIDO,NULL,0.55,DEF_ATK_DEFENSOR_COLAPSADO,0
DEF_ATK,EXTREMA,MIXED_EXTREME,DEF_ATK_EXT_MX_DESARME_TOTAL,B,2.0,0.0,DESARMADO,NULL,0.2,DEF_ATK_DESARME_TOTAL,0
DEF_ATK,EXTREMA,MIXED_EXTREME,DEF_ATK_EXT_MX_FATAL_ESTOCADA,B,15.0,0.0,NULL,NULL,0.03,FATAL_ESTOCADA,1
DEF_ATK,EXTREMA,MIXED_EXTREME,DEF_ATK_EXT_MX_FATAL_HACHAZO,B,15.0,0.0,NULL,NULL,0.02,FATAL_HACHAZO,1
DEF_DEF,DEFAULT,DEFAULT,DEF_DEF_DEFAULT_REPOSICION_A,A,0.0,0.0,POS_FAVORABLE,POS_DESFAVORABLE,0.25,DEF_DEF_REPOSICION_A,0
DEF_DEF,DEFAULT,DEFAULT,DEF_DEF_DEFAULT_REPOSICION_B,B,0.0,0.0,POS_DESFAVORABLE,POS_FAVORABLE,0.2,DEF_DEF_REPOSICION_B,0
DEF_DEF,DEFAULT,DEFAULT,DEF_DEF_DEFAULT_TANTEO,NONE,0.0,0.0,NULL,NULL,0.55,DEF_DEF_TANTEO,0
DEF_DEF,BAJA,BOTH_HIGH,DEF_DEF_BAJA_BH_DUELO_TACTICO,NONE,0.0,0.0,NULL,NULL,0.45,DEF_DEF_DUELO_TACTICO,0
DEF_DEF,BAJA,BOTH_HIGH,DEF_DEF_BAJA_BH_REPOSICION_A,A,0.0,0.0,POS_FAVORABLE,POS_DESFAVORABLE,0.3,DEF_DEF_REPOSICION_A,0
DEF_DEF,BAJA,BOTH_HIGH,DEF_DEF_BAJA_BH_REPOSICION_B,B,0.0,0.0,POS_DESFAVORABLE,POS_FAVORABLE,0.25,DEF_DEF_REPOSICION_B,0
DEF_DEF,BAJA,BOTH_LOW,DEF_DEF_BAJA_BL_DESORIENTACION_MUTUA,NONE,0.0,0.0,POS_DESFAVORABLE,POS_DESFAVORABLE,0.5,DEF_DEF_DESORIENTACION_MUTUA,0
DEF_DEF,BAJA,BOTH_LOW,DEF_DEF_BAJA_BL_PASO_EN_FALSO_A,B,0.5,0.0,POS_DESFAVORABLE,NULL,0.25,DEF_DEF_PASO_EN_FALSO_A,0
DEF_DEF,BAJA,BOTH_LOW,DEF_DEF_BAJA_BL_PASO_EN_FALSO_B,A,0.0,0.5,NULL,POS_DESFAVORABLE,0.25,DEF_DEF_PASO_EN_FALSO_B,0
DEF_DEF,MODERADA,BALANCED,DEF_DEF_MOD_BAL_ESPERA_TACTICA,NONE,0.0,0.0,NULL,NULL,0.2,DEF_DEF_ESPERA_TACTICA,0
DEF_DEF,MODERADA,BALANCED,DEF_DEF_MOD_BAL_REPOSICION_A,A,0.0,0.0,POS_FAVORABLE,POS_DESFAVORABLE,0.45,DEF_DEF_REPOSICION_A_MOD,0
DEF_DEF,MODERADA,BALANCED,DEF_DEF_MOD_BAL_REPOSICION_B,B,0.0,0.0,POS_DESFAVORABLE,POS_FAVORABLE,0.35,DEF_DEF_REPOSICION_B_MOD,0
DEF_DEF,REGULAR,BALANCED,DEF_DEF_REG_BAL_TOMA_COBERTURA_A,A,0.0,0.0,POS_FAVORABLE,POS_DESFAVORABLE,0.5,DEF_DEF_TOMA_COBERTURA_A,0
DEF_DEF,REGULAR,BALANCED,DEF_DEF_REG_BAL_TOMA_COBERTURA_B,B,0.0,0.0,POS_DESFAVORABLE,POS_FAVORABLE,0.5,DEF_DEF_TOMA_COBERTURA_B,0
DEF_DEF,REGULAR,BOTH_HIGH,DEF_DEF_REG_BH_CIERRA_ANGULO_A,A,0.0,0.0,POS_FAVORABLE,POS_DESFAVORABLE,0.5,DEF_DEF_CIERRA_ANGULO_A,0
DEF_DEF,REGULAR,BOTH_HIGH,DEF_DEF_REG_BH_CIERRA_ANGULO_B,B,0.0,0.0,POS_DESFAVORABLE,POS_FAVORABLE,0.5,DEF_DEF_CIERRA_ANGULO_B,0
DEF_DEF,ALTA,BALANCED,DEF_DEF_ALTA_BAL_CIERRE_DE_ANGULO_A,A,0.0,0.5,POS_FAVORABLE,NULL,0.25,DEF_DEF_CIERRE_DE_ANGULO_A,0
DEF_DEF,ALTA,BALANCED,DEF_DEF_ALTA_BAL_DOMINIO_ESPACIAL_A,A,0.0,0.0,POS_FAVORABLE,POS_DESFAVORABLE,0.55,DEF_DEF_DOMINIO_ESPACIAL_A,0
DEF_DEF,ALTA,BALANCED,DEF_DEF_ALTA_BAL_REPLIEGUE_B,B,0.0,0.0,POS_DESFAVORABLE,POS_FAVORABLE,0.2,DEF_DEF_REPLIEGUE_B,0
DEF_DEF,MUY_ALTA,BALANCED,DEF_DEF_MALT_BAL_BLOQUEA_CARRIL_A,A,0.0,0.0,POS_FAVORABLE,POS_DESFAVORABLE,0.52,DEF_DEF_BLOQUEA_CARRIL_A,0
DEF_DEF,MUY_ALTA,BALANCED,DEF_DEF_MALT_BAL_BLOQUEA_CARRIL_B,B,0.0,0.0,POS_DESFAVORABLE,POS_FAVORABLE,0.48,DEF_DEF_BLOQUEA_CARRIL_B,0
DEF_DEF,MUY_ALTA,BOTH_HIGH,DEF_DEF_MALT_BH_DOMINIO_TACTICO_A,A,0.0,0.5,POS_FAVORABLE,POS_DESFAVORABLE,0.5,DEF_DEF_DOMINIO_TACTICO_A,0
DEF_DEF,MUY_ALTA,BOTH_HIGH,DEF_DEF_MALT_BH_DOMINIO_TACTICO_B,B,0.5,0.0,POS_DESFAVORABLE,POS_FAVORABLE,0.5,DEF_DEF_DOMINIO_TACTICO_B,0
DEF_DEF,MAXIMA,BALANCED,DEF_DEF_MAX_BAL_ENCIERRO_DEFENSIVO_A,A,0.0,0.5,POS_FAVORABLE,POS_DESFAVORABLE,0.5,DEF_DEF_ENCIERRO_DEFENSIVO_A,0
DEF_DEF,MAXIMA,BALANCED,DEF_DEF_MAX_BAL_ENCIERRO_DEFENSIVO_B,B,0.5,0.0,POS_DESFAVORABLE,POS_FAVORABLE,0.5,DEF_DEF_ENCIERRO_DEFENSIVO_B,0
DEF_DEF,MAXIMA,BOTH_HIGH,DEF_DEF_MAX_BH_DOMINIO_DE_LINEA_A,A,0.0,0.5,POS_FAVORABLE,POS_DESFAVORABLE,0.5,DEF_DEF_DOMINIO_DE_LINEA_A,0
DEF_DEF,MAXIMA,BOTH_HIGH,DEF_DEF_MAX_BH_DOMINIO_DE_LINEA_B,B,0.5,0.0,POS_DESFAVORABLE,POS_FAVORABLE,0.5,DEF_DEF_DOMINIO_DE_LINEA_B,0
DEF_INT,DEFAULT,DEFAULT,DEF_INT_DEFAULT_DEF_CORTA_INT,A,0.0,0.0,CONTRA_EXITOSO,POS_DESFAVORABLE,0.35,DEF_INT_DEF_CORTA_INT,0
DEF_INT,DEFAULT,DEFAULT,DEF_INT_DEFAULT_INT_REPOSICIONA,B,0.0,0.0,POS_DESFAVORABLE,POS_FAVORABLE,0.4,DEF_INT_INT_REPOSICIONA,0
DEF_INT,DEFAULT,DEFAULT,DEF_INT_DEFAULT_TRANSICION_NEUTRA,NONE,0.0,0.0,NULL,NULL,0.25,DEF_INT_TRANSICION_NEUTRA,0
DEF_INT,BAJA,BALANCED,DEF_INT_BAJA_BAL_CRUCE_SIN_RESOLVER,NONE,0.0,0.0,NULL,NULL,0.25,DEF_INT_CRUCE_SIN_RESOLVER,0
DEF_INT,BAJA,BALANCED,DEF_INT_BAJA_BAL_DEF_RECUPERA_CENTRO,A,0.0,0.0,POS_FAVORABLE,NULL,0.3,DEF_INT_DEF_RECUPERA_CENTRO,0
DEF_INT,BAJA,BALANCED,DEF_INT_BAJA_BAL_INT_PARCIAL,B,0.0,0.0,NULL,POS_FAVORABLE,0.45,DEF_INT_INT_PARCIAL,0
DEF_INT,MODERADA,BALANCED,DEF_INT_MOD_BAL_DEFLECTA_MANIOBRA,A,0.0,0.0,CONTRA_EXITOSO,POS_DESFAVORABLE,0.45,DEF_INT_DEFLECTA_MANIOBRA,0
DEF_INT,MODERADA,BALANCED,DEF_INT_MOD_BAL_INT_ENCUENTRA_HUECO,B,0.0,0.0,POS_DESFAVORABLE,POS_FAVORABLE,0.35,DEF_INT_INT_ENCUENTRA_HUECO,0
DEF_INT,MODERADA,BALANCED,DEF_INT_MOD_BAL_TRANSICION_CON_TENSION,NONE,0.0,0.0,NULL,NULL,0.2,DEF_INT_TRANSICION_CON_TENSION,0
DEF_INT,REGULAR,BALANCED,DEF_INT_REG_BAL_LEE_LA_MANIOBRA,A,0.0,0.5,CONTRA_EXITOSO,POS_DESFAVORABLE,0.5,DEF_INT_LEE_LA_MANIOBRA,0
DEF_INT,REGULAR,BALANCED,DEF_INT_REG_BAL_LOGRA_APERTURA,B,0.0,0.0,POS_DESFAVORABLE,POS_FAVORABLE,0.5,DEF_INT_LOGRA_APERTURA,0
DEF_INT,REGULAR,BOTH_HIGH,DEF_INT_REG_BH_CAMBIA_ESCENARIO,B,0.0,0.0,POS_DESFAVORABLE,VIDRIO_ROTO,0.48,DEF_INT_CAMBIA_ESCENARIO,0
DEF_INT,REGULAR,BOTH_HIGH,DEF_INT_REG_BH_CORTA_PREPARATIVO,A,0.0,0.5,CONTRA_EXITOSO,POS_DESFAVORABLE,0.52,DEF_INT_CORTA_PREPARATIVO,0
DEF_INT,ALTA,BOTH_HIGH,DEF_INT_ALTA_BH_DEFENSOR_LEE_TODO,A,0.0,0.0,CONTRA_EXITOSO,POS_DESFAVORABLE,0.4,DEF_INT_DEFENSOR_LEE_TODO,0
DEF_INT,ALTA,BOTH_HIGH,DEF_INT_ALTA_BH_INT_BRILLANTE,B,0.0,0.0,POS_DESFAVORABLE,POS_FAVORABLE,0.35,DEF_INT_INT_BRILLANTE,0
DEF_INT,ALTA,BOTH_HIGH,DEF_INT_ALTA_BH_INT_ROMPE_ESPACIO,B,0.0,0.5,NULL,VIDRIO_ROTO,0.25,DEF_INT_INT_ROMPE_ESPACIO,0
DEF_INT,MUY_ALTA,BALANCED,DEF_INT_MALT_BAL_ACTIVA_ZONA_PELIGROSA,B,0.5,0.0,POS_DESFAVORABLE,VIDRIO_ROTO,0.42,DEF_INT_ACTIVA_ZONA_PELIGROSA,0
DEF_INT,MUY_ALTA,BALANCED,DEF_INT_MALT_BAL_NEUTRALIZA_Y_PRESIONA,A,0.0,1.0,CONTRA_EXITOSO,CAIDO,0.58,DEF_INT_NEUTRALIZA_Y_PRESIONA,0
DEF_INT,MUY_ALTA,BOTH_HIGH,DEF_INT_MALT_BH_ANULA_PREPARACION,A,0.0,1.0,CONTRA_EXITOSO,CAIDO,0.56,DEF_INT_ANULA_PREPARACION,0
DEF_INT,MUY_ALTA,BOTH_HIGH,DEF_INT_MALT_BH_PREPARA_CIERRE,B,0.5,0.0,POS_DESFAVORABLE,POS_FAVORABLE,0.44,DEF_INT_PREPARA_CIERRE,0
DEF_INT,MAXIMA,BALANCED,DEF_INT_MAX_BAL_LEE_Y_CASTIGA,A,0.0,1.5,CONTRA_EXITOSO,CAIDO,0.6,DEF_INT_LEE_Y_CASTIGA,0
DEF_INT,MAXIMA,BALANCED,DEF_INT_MAX_BAL_TRAMPA_TOTAL,B,1.0,0.0,POS_DESFAVORABLE,VIDRIO_ROTO,0.4,DEF_INT_TRAMPA_TOTAL,0
DEF_INT,MAXIMA,BOTH_HIGH,DEF_INT_MAX_BH_ANULA_Y_ROMPE_RITMO,A,0.0,1.5,CONTRA_EXITOSO,CAIDO,0.58,DEF_INT_ANULA_Y_ROMPE_RITMO,0
DEF_INT,MAXIMA,BOTH_HIGH,DEF_INT_MAX_BH_CIERRE_DEL_ESCENARIO,B,1.0,0.0,POS_DESFAVORABLE,VIDRIO_ROTO,0.42,DEF_INT_CIERRE_DEL_ESCENARIO,0
INT_ATK,DEFAULT,DEFAULT,INT_ATK_DEFAULT_GOLPEA_MANIOBRA,B,1.0,0.0,NULL,NULL,0.5,INT_ATK_GOLPEA_MANIOBRA,0
INT_ATK,DEFAULT,DEFAULT,INT_ATK_DEFAULT_INT_ESQUIVA_ACTIVA,A,0.0,0.5,POS_FAVORABLE,NULL,0.3,INT_ATK_INT_ESQUIVA_ACTIVA,0
INT_ATK,DEFAULT,DEFAULT,INT_ATK_DEFAULT_ROCE_MUTUO,NONE,0.5,0.0,NULL,NULL,0.2,INT_ATK_ROCE_MUTUO,0
INT_ATK,BAJA,BALANCED,INT_ATK_BAJA_BAL_ATAQUE_ROZA,B,0.5,0.0,NULL,NULL,0.35,INT_ATK_ATAQUE_ROZA,0
INT_ATK,BAJA,BALANCED,INT_ATK_BAJA_BAL_CRUCE_TENSO,NONE,0.0,0.0,NULL,NULL,0.2,INT_ATK_CRUCE_TENSO,0
INT_ATK,BAJA,BALANCED,INT_ATK_BAJA_BAL_INT_PARCIAL,A,0.0,0.5,POS_FAVORABLE,NULL,0.45,INT_ATK_INT_PARCIAL,0
INT_ATK,REGULAR,BALANCED,INT_ATK_REG_BAL_CORTA_MANIOBRA_RECIBIDA,B,1.5,0.0,POS_DESFAVORABLE,NULL,0.58,INT_ATK_CORTA_MANIOBRA_RECIBIDA,0
INT_ATK,REGULAR,BALANCED,INT_ATK_REG_BAL_ESQUIVA_Y_ABRE_ESPACIO,A,0.0,0.5,POS_FAVORABLE,POS_DESFAVORABLE,0.42,INT_ATK_ESQUIVA_Y_ABRE_ESPACIO,0
INT_ATK,REGULAR,BOTH_HIGH,INT_ATK_REG_BH_CAMBIO_DE_PLANO,A,1.0,0.0,POS_FAVORABLE,POS_DESFAVORABLE,0.44,INT_ATK_CAMBIO_DE_PLANO,0
INT_ATK,REGULAR,BOTH_HIGH,INT_ATK_REG_BH_INTERRUPCION_LIMPIA_RECIBIDA,B,1.5,0.0,CAIDO,NULL,0.56,INT_ATK_INTERRUPCION_LIMPIA_RECIBIDA,0
INT_ATK,ALTA,BALANCED,INT_ATK_ALTA_BAL_INT_FALLIDA_GOLPE,B,2.0,0.0,CAIDO,NULL,0.5,INT_ATK_INT_FALLIDA_GOLPE,0
INT_ATK,ALTA,BALANCED,INT_ATK_ALTA_BAL_INT_FALLIDA_LEVE,B,1.0,0.0,POS_DESFAVORABLE,NULL,0.35,INT_ATK_INT_FALLIDA_LEVE,0
INT_ATK,ALTA,BALANCED,INT_ATK_ALTA_BAL_MANIOBRA_QUE_DESUBICA_B,A,0.0,1.0,POS_FAVORABLE,POS_DESFAVORABLE,0.15,INT_ATK_MANIOBRA_QUE_DESUBICA_B,0
INT_ATK,MUY_ALTA,BALANCED,INT_ATK_MALT_BAL_AMAGA_Y_ROMPE_RITMO,A,1.5,0.0,VIDRIO_ROTO,POS_FAVORABLE,0.38,INT_ATK_AMAGA_Y_ROMPE_RITMO,0
INT_ATK,MUY_ALTA,BALANCED,INT_ATK_MALT_BAL_ARRUINA_PREPARACION_RECIBIDA,B,2.5,0.0,CAIDO,NULL,0.62,INT_ATK_ARRUINA_PREPARACION_RECIBIDA,0
INT_ATK,MUY_ALTA,BOTH_HIGH,INT_ATK_MALT_BH_CASTIGO_ABIERTO_RECIBIDO,B,2.5,0.0,ARMA_ROTA,NULL,0.6,INT_ATK_CASTIGO_ABIERTO_RECIBIDO,0
INT_ATK,MUY_ALTA,BOTH_HIGH,INT_ATK_MALT_BH_TRAMPA_PRECISA,A,1.5,0.0,VIDRIO_ROTO,CAIDO,0.4,INT_ATK_TRAMPA_PRECISA,0
INT_ATK,MAXIMA,BALANCED,INT_ATK_MAX_BAL_SENTENCIA_PREPARACION_RECIBIDA,B,3.0,0.0,CAIDO,NULL,0.64,INT_ATK_SENTENCIA_PREPARACION_RECIBIDA,0
INT_ATK,MAXIMA,BALANCED,INT_ATK_MAX_BAL_TRAMPA_TOTAL,A,2.0,0.0,VIDRIO_ROTO,CAIDO,0.36,INT_ATK_TRAMPA_TOTAL,0
INT_ATK,MAXIMA,MIXED_EXTREME,INT_ATK_MAX_MX_FATAL_ENTORNO_RECIBIDO,B,15.0,0.0,NULL,NULL,0.03,FATAL_ENTORNO,1
INT_ATK,MAXIMA,MIXED_EXTREME,INT_ATK_MAX_MX_MANIOBRA_IMPOSIBLE,A,3.0,0.0,VIDRIO_ROTO,CAIDO,0.18,INT_ATK_MANIOBRA_IMPOSIBLE,0
INT_ATK,MAXIMA,MIXED_EXTREME,INT_ATK_MAX_MX_SENTENCIA_MANIOBRA_RECIBIDA,B,4.0,0.0,ARMA_ROTA,NULL,0.65,INT_ATK_SENTENCIA_MANIOBRA_RECIBIDA,0
INT_ATK,EXTREMA,MIXED_EXTREME,INT_ATK_EXT_MX_ARMA_HECHA_PEDAZOS,B,2.0,0.0,ARMA_ROTA,NULL,0.2,INT_ATK_ARMA_HECHA_PEDAZOS,0
INT_ATK,EXTREMA,MIXED_EXTREME,INT_ATK_EXT_MX_ATAQUE_AL_PRECIPICIO,B,15.0,0.0,NULL,NULL,0.02,FATAL_ENTORNO,1
INT_ATK,EXTREMA,MIXED_EXTREME,INT_ATK_EXT_MX_CASTIGO_SIN_DEFENSA,B,3.0,0.0,CAIDO,NULL,0.55,INT_ATK_CASTIGO_SIN_DEFENSA,0
INT_ATK,EXTREMA,MIXED_EXTREME,INT_ATK_EXT_MX_FATAL_REMATE,B,15.0,0.0,NULL,NULL,0.03,FATAL_REMATE,1
INT_ATK,EXTREMA,MIXED_EXTREME,INT_ATK_EXT_MX_INT_GENIAL_REVIERTE,A,0.0,2.0,POS_FAVORABLE,CAIDO,0.12,INT_ATK_INT_GENIAL_REVIERTE,0
INT_DEF,DEFAULT,DEFAULT,INT_DEF_DEFAULT_DEF_CORTA_INT,B,0.0,0.0,POS_DESFAVORABLE,CONTRA_EXITOSO,0.35,INT_DEF_DEF_CORTA_INT,0
INT_DEF,DEFAULT,DEFAULT,INT_DEF_DEFAULT_INT_REPOSICIONA,A,0.0,0.0,POS_FAVORABLE,POS_DESFAVORABLE,0.4,INT_DEF_INT_REPOSICIONA,0
INT_DEF,DEFAULT,DEFAULT,INT_DEF_DEFAULT_TRANSICION_NEUTRA,NONE,0.0,0.0,NULL,NULL,0.25,INT_DEF_TRANSICION_NEUTRA,0
INT_DEF,BAJA,BALANCED,INT_DEF_BAJA_BAL_CRUCE_SIN_RESOLVER,NONE,0.0,0.0,NULL,NULL,0.25,INT_DEF_CRUCE_SIN_RESOLVER,0
INT_DEF,BAJA,BALANCED,INT_DEF_BAJA_BAL_DEF_RECUPERA_CENTRO,B,0.0,0.0,NULL,POS_FAVORABLE,0.3,INT_DEF_DEF_RECUPERA_CENTRO,0
INT_DEF,BAJA,BALANCED,INT_DEF_BAJA_BAL_INT_PARCIAL,A,0.0,0.0,POS_FAVORABLE,NULL,0.45,INT_DEF_INT_PARCIAL,0
INT_DEF,MODERADA,BALANCED,INT_DEF_MOD_BAL_DEFLECTA_MANIOBRA,B,0.0,0.0,POS_DESFAVORABLE,CONTRA_EXITOSO,0.45,INT_DEF_DEFLECTA_MANIOBRA,0
INT_DEF,MODERADA,BALANCED,INT_DEF_MOD_BAL_INT_ENCUENTRA_HUECO,A,0.0,0.0,POS_FAVORABLE,POS_DESFAVORABLE,0.35,INT_DEF_INT_ENCUENTRA_HUECO,0
INT_DEF,MODERADA,BALANCED,INT_DEF_MOD_BAL_TRANSICION_CON_TENSION,NONE,0.0,0.0,NULL,NULL,0.2,INT_DEF_TRANSICION_CON_TENSION,0
INT_DEF,REGULAR,BALANCED,INT_DEF_REG_BAL_LEE_LA_MANIOBRA_RECIBIDA,B,0.5,0.0,POS_DESFAVORABLE,CONTRA_EXITOSO,0.5,INT_DEF_LEE_LA_MANIOBRA_RECIBIDA,0
INT_DEF,REGULAR,BALANCED,INT_DEF_REG_BAL_LOGRA_APERTURA,A,0.0,0.0,POS_FAVORABLE,POS_DESFAVORABLE,0.5,INT_DEF_LOGRA_APERTURA,0
INT_DEF,REGULAR,BOTH_HIGH,INT_DEF_REG_BH_CAMBIA_ESCENARIO,A,0.0,0.0,VIDRIO_ROTO,POS_DESFAVORABLE,0.48,INT_DEF_CAMBIA_ESCENARIO,0
INT_DEF,REGULAR,BOTH_HIGH,INT_DEF_REG_BH_CORTA_PREPARATIVO_RECIBIDO,B,0.5,0.0,POS_DESFAVORABLE,CONTRA_EXITOSO,0.52,INT_DEF_CORTA_PREPARATIVO_RECIBIDO,0
INT_DEF,ALTA,BOTH_HIGH,INT_DEF_ALTA_BH_DEFENSOR_LEE_TODO,B,0.0,0.0,POS_DESFAVORABLE,CONTRA_EXITOSO,0.4,INT_DEF_DEFENSOR_LEE_TODO,0
INT_DEF,ALTA,BOTH_HIGH,INT_DEF_ALTA_BH_INT_BRILLANTE,A,0.0,0.0,POS_FAVORABLE,POS_DESFAVORABLE,0.35,INT_DEF_INT_BRILLANTE,0
INT_DEF,ALTA,BOTH_HIGH,INT_DEF_ALTA_BH_INT_ROMPE_ESPACIO,A,0.5,0.0,VIDRIO_ROTO,NULL,0.25,INT_DEF_INT_ROMPE_ESPACIO,0
INT_DEF,MUY_ALTA,BALANCED,INT_DEF_MALT_BAL_ACTIVA_ZONA_PELIGROSA,A,0.0,0.5,VIDRIO_ROTO,POS_DESFAVORABLE,0.42,INT_DEF_ACTIVA_ZONA_PELIGROSA,0
INT_DEF,MUY_ALTA,BALANCED,INT_DEF_MALT_BAL_NEUTRALIZA_Y_PRESIONA_RECIBIDA,B,1.0,0.0,CAIDO,CONTRA_EXITOSO,0.58,INT_DEF_NEUTRALIZA_Y_PRESIONA_RECIBIDA,0
INT_DEF,MUY_ALTA,BOTH_HIGH,INT_DEF_MALT_BH_ANULA_PREPARACION_RECIBIDA,B,1.0,0.0,CAIDO,CONTRA_EXITOSO,0.56,INT_DEF_ANULA_PREPARACION_RECIBIDA,0
INT_DEF,MUY_ALTA,BOTH_HIGH,INT_DEF_MALT_BH_PREPARA_CIERRE,A,0.0,0.5,POS_FAVORABLE,POS_DESFAVORABLE,0.44,INT_DEF_PREPARA_CIERRE,0
INT_DEF,MAXIMA,BALANCED,INT_DEF_MAX_BAL_LEE_Y_CASTIGA_RECIBIDO,B,1.5,0.0,CAIDO,CONTRA_EXITOSO,0.6,INT_DEF_LEE_Y_CASTIGA_RECIBIDO,0
INT_DEF,MAXIMA,BALANCED,INT_DEF_MAX_BAL_TRAMPA_TOTAL,A,0.0,1.0,VIDRIO_ROTO,POS_DESFAVORABLE,0.4,INT_DEF_TRAMPA_TOTAL,0
INT_DEF,MAXIMA,BOTH_HIGH,INT_DEF_MAX_BH_ANULA_Y_ROMPE_RITMO_RECIBIDO,B,1.5,0.0,CAIDO,CONTRA_EXITOSO,0.58,INT_DEF_ANULA_Y_ROMPE_RITMO_RECIBIDO,0
INT_DEF,MAXIMA,BOTH_HIGH,INT_DEF_MAX_BH_CIERRE_DEL_ESCENARIO,A,0.0,1.0,VIDRIO_ROTO,POS_DESFAVORABLE,0.42,INT_DEF_CIERRE_DEL_ESCENARIO,0
INT_INT,DEFAULT,DEFAULT,INT_INT_DEFAULT_A_GANA_POSICION,A,0.0,0.0,POS_FAVORABLE,POS_DESFAVORABLE,0.25,INT_INT_A_GANA_POSICION,0
INT_INT,DEFAULT,DEFAULT,INT_INT_DEFAULT_B_GANA_POSICION,B,0.0,0.0,POS_DESFAVORABLE,POS_FAVORABLE,0.25,INT_INT_B_GANA_POSICION,0
INT_INT,DEFAULT,DEFAULT,INT_INT_DEFAULT_CRUCE_DE_MANIOBRAS,NONE,0.0,0.0,NULL,NULL,0.5,INT_INT_CRUCE_DE_MANIOBRAS,0
INT_INT,BAJA,BOTH_HIGH,INT_INT_BAJA_BH_A_ABRE_ANGULO,A,0.0,0.0,POS_FAVORABLE,POS_DESFAVORABLE,0.3,INT_INT_A_ABRE_ANGULO,0
INT_INT,BAJA,BOTH_HIGH,INT_INT_BAJA_BH_B_ABRE_ANGULO,B,0.0,0.0,POS_DESFAVORABLE,POS_FAVORABLE,0.3,INT_INT_B_ABRE_ANGULO,0
INT_INT,BAJA,BOTH_HIGH,INT_INT_BAJA_BH_MANIOBRAS_ESPEJO,NONE,0.0,0.0,NULL,NULL,0.4,INT_INT_MANIOBRAS_ESPEJO,0
INT_INT,BAJA,BOTH_LOW,INT_INT_BAJA_BL_A_PIERDE_TIEMPO,B,0.0,0.0,POS_DESFAVORABLE,NULL,0.2,INT_INT_A_PIERDE_TIEMPO,0
INT_INT,BAJA,BOTH_LOW,INT_INT_BAJA_BL_CAOS_TORPE,NONE,0.0,0.0,NULL,NULL,0.45,INT_INT_CAOS_TORPE,0
INT_INT,BAJA,BOTH_LOW,INT_INT_BAJA_BL_TROPIEZO_MUTUO,NONE,0.5,0.5,POS_DESFAVORABLE,POS_DESFAVORABLE,0.35,INT_INT_TROPIEZO_MUTUO,0
INT_INT,MODERADA,BALANCED,INT_INT_MOD_BAL_A_TOMA_COBERTURA,A,0.0,0.0,POS_FAVORABLE,POS_DESFAVORABLE,0.3,INT_INT_A_TOMA_COBERTURA,0
INT_INT,MODERADA,BALANCED,INT_INT_MOD_BAL_B_TOMA_COBERTURA,B,0.0,0.0,POS_DESFAVORABLE,POS_FAVORABLE,0.3,INT_INT_B_TOMA_COBERTURA,0
INT_INT,MODERADA,BALANCED,INT_INT_MOD_BAL_CRUCE_DE_RECURSOS,NONE,0.0,0.0,NULL,NULL,0.4,INT_INT_CRUCE_DE_RECURSOS,0
INT_INT,REGULAR,BALANCED,INT_INT_REG_BAL_GANA_TERRITORIO_A,A,0.0,0.0,POS_FAVORABLE,POS_DESFAVORABLE,0.5,INT_INT_GANA_TERRITORIO_A,0
INT_INT,REGULAR,BALANCED,INT_INT_REG_BAL_GANA_TERRITORIO_B,B,0.0,0.0,POS_DESFAVORABLE,POS_FAVORABLE,0.5,INT_INT_GANA_TERRITORIO_B,0
INT_INT,REGULAR,BOTH_HIGH,INT_INT_REG_BH_ACTIVA_RUTA_A,A,0.0,0.0,POS_FAVORABLE,POS_DESFAVORABLE,0.5,INT_INT_ACTIVA_RUTA_A,0
INT_INT,REGULAR,BOTH_HIGH,INT_INT_REG_BH_ACTIVA_RUTA_B,B,0.0,0.0,POS_DESFAVORABLE,POS_FAVORABLE,0.5,INT_INT_ACTIVA_RUTA_B,0
INT_INT,ALTA,BALANCED,INT_INT_ALTA_BAL_SE_ADUEÑA_DEL_ESPACIO_A,A,0.0,0.5,POS_FAVORABLE,POS_DESFAVORABLE,0.5,INT_INT_SE_ADUEÑA_DEL_ESPACIO_A,0
INT_INT,ALTA,BALANCED,INT_INT_ALTA_BAL_SE_ADUEÑA_DEL_ESPACIO_B,B,0.5,0.0,POS_DESFAVORABLE,POS_FAVORABLE,0.5,INT_INT_SE_ADUEÑA_DEL_ESPACIO_B,0
INT_INT,ALTA,BOTH_HIGH,INT_INT_ALTA_BH_ROMPE_EL_ESCENARIO_A,A,0.0,0.5,VIDRIO_ROTO,POS_DESFAVORABLE,0.5,INT_INT_ROMPE_EL_ESCENARIO_A,0
INT_INT,ALTA,BOTH_HIGH,INT_INT_ALTA_BH_ROMPE_EL_ESCENARIO_B,B,0.5,0.0,POS_DESFAVORABLE,VIDRIO_ROTO,0.5,INT_INT_ROMPE_EL_ESCENARIO_B,0
INT_INT,ALTA,MIXED_EXTREME,INT_INT_ALTA_MX_B_QUEDA_EXPUESTO,A,0.0,0.0,NULL,CAIDO,0.2,INT_INT_B_QUEDA_EXPUESTO,0
INT_INT,ALTA,MIXED_EXTREME,INT_INT_ALTA_MX_ENTORNO_CORTANTE_A,A,0.0,0.5,NULL,VIDRIO_ROTO,0.3,INT_INT_ENTORNO_CORTANTE_A,0
INT_INT,ALTA,MIXED_EXTREME,INT_INT_ALTA_MX_MANIOBRA_DECISIVA_A,A,0.0,0.0,POS_FAVORABLE,POS_DESFAVORABLE,0.5,INT_INT_MANIOBRA_DECISIVA_A,0
INT_INT,MUY_ALTA,BALANCED,INT_INT_MALT_BAL_IMPONE_ESCENARIO_A,A,0.0,0.5,VIDRIO_ROTO,POS_DESFAVORABLE,0.52,INT_INT_IMPONE_ESCENARIO_A,0
INT_INT,MUY_ALTA,BALANCED,INT_INT_MALT_BAL_IMPONE_ESCENARIO_B,B,0.5,0.0,POS_DESFAVORABLE,VIDRIO_ROTO,0.48,INT_INT_IMPONE_ESCENARIO_B,0
INT_INT,MUY_ALTA,BOTH_HIGH,INT_INT_MALT_BH_SUPERIORIDAD_TACTICA_A,A,0.0,0.0,POS_FAVORABLE,POS_DESFAVORABLE,0.5,INT_INT_SUPERIORIDAD_TACTICA_A,0
INT_INT,MUY_ALTA,BOTH_HIGH,INT_INT_MALT_BH_SUPERIORIDAD_TACTICA_B,B,0.0,0.0,POS_DESFAVORABLE,POS_FAVORABLE,0.5,INT_INT_SUPERIORIDAD_TACTICA_B,0
INT_INT,MAXIMA,BALANCED,INT_INT_MAX_BAL_CIERRA_TABLERO_A,A,0.0,0.5,POS_FAVORABLE,POS_DESFAVORABLE,0.5,INT_INT_CIERRA_TABLERO_A,0
INT_INT,MAXIMA,BALANCED,INT_INT_MAX_BAL_CIERRA_TABLERO_B,B,0.5,0.0,POS_DESFAVORABLE,POS_FAVORABLE,0.5,INT_INT_CIERRA_TABLERO_B,0
INT_INT,MAXIMA,BOTH_HIGH,INT_INT_MAX_BH_ACTIVA_ZONA_ROTA_A,A,0.0,0.0,VIDRIO_ROTO,POS_DESFAVORABLE,0.5,INT_INT_ACTIVA_ZONA_ROTA_A,0
INT_INT,MAXIMA,BOTH_HIGH,INT_INT_MAX_BH_ACTIVA_ZONA_ROTA_B,B,0.0,0.0,POS_DESFAVORABLE,VIDRIO_ROTO,0.5,INT_INT_ACTIVA_ZONA_ROTA_B,0
GENERIC,DEFAULT,DEFAULT,GENERIC_DEFAULT_INTERCAMBIO_NEUTRO,NONE,0.5,0.5,NULL,NULL,0.7,GENERIC_INTERCAMBIO_NEUTRO,0
GENERIC,DEFAULT,DEFAULT,GENERIC_DEFAULT_VENTAJA_LEVE_A,A,0.0,0.5,NULL,NULL,0.2,GENERIC_VENTAJA_LEVE_A,0
GENERIC,DEFAULT,DEFAULT,GENERIC_DEFAULT_VENTAJA_LEVE_B,B,0.5,0.0,NULL,NULL,0.1,GENERIC_VENTAJA_LEVE_B,0
